{
  "project_info": {
    "project_number": "747392678004",
    "project_id": "ai-powered-task-management",
    "storage_bucket": "ai-powered-task-management.firebasestorage.app"
  },
  "client": [
    {
      "client_info": {
        "mobilesdk_app_id": "1:747392678004:android:bb5d6fd27bf060e72df921",
        "android_client_info": {
          "package_name": "com.example.ai_task_management"
        }
      },
      "oauth_client": [],
      "api_key": [
        {
          "current_key": "AIzaSyBqzaD02e05w6sS6qUHtcy0ARCBKNO9P0Y"
        }
      ],
      "services": {
        "appinvite_service": {
          "other_platform_oauth_client": []
        }
      }
    }
  ],
  "configuration_version": "1"
}