{"flutter":{"platforms":{"android":{"default":{"projectId":"ai-powered-task-management","appId":"1:747392678004:android:bb5d6fd27bf060e72df921","fileOutput":"android/app/google-services.json"}},"dart":{"lib/firebase_options.dart":{"projectId":"ai-powered-task-management","configurations":{"android":"1:747392678004:android:bb5d6fd27bf060e72df921","ios":"1:747392678004:ios:f53e34d299f48cc02df921","macos":"1:747392678004:ios:f53e34d299f48cc02df921","web":"1:747392678004:web:a02e414a0303d5512df921","windows":"1:747392678004:web:78c41fb825315fa12df921"}}}}}}